joao.haupt@aluno.ifsp.edu.br,joao.haupt@aluno.ifsp.edu.br,joao.haupt@aluno.ifsp.edu.br,True,1
asdasd@email,asdasd@email,asdasd@email,True,2
Pablo Gabriel da Silva Carvalho,pablo@email,1234567,True,3
andre,andre@email,1234,True,4
